apt	3.0.3	/usr/share/doc/apt/copyright
base-files	13.8+deb13u6	/usr/share/doc/base-files/copyright
base-passwd	3.6.7	/usr/share/doc/base-passwd/copyright
bash	5.2.37-2+b9	/usr/share/doc/bash/copyright
bsdutils	1:2.41.5-0+deb13u1	/usr/share/doc/bsdutils/copyright
ca-certificates	20250419	/usr/share/doc/ca-certificates/copyright
coreutils	9.7-3	/usr/share/doc/coreutils/copyright
curl	8.14.1-2+deb13u4	/usr/share/doc/curl/copyright
dash	0.5.12-12	/usr/share/doc/dash/copyright
debconf	1.5.91	/usr/share/doc/debconf/copyright
debian-archive-keyring	2025.1	/usr/share/doc/debian-archive-keyring/copyright
debianutils	5.23.2	/usr/share/doc/debianutils/copyright
diffutils	1:3.10-4	/usr/share/doc/diffutils/copyright
dpkg	1.22.22	/usr/share/doc/dpkg/copyright
findutils	4.10.0-3	/usr/share/doc/findutils/copyright
gawk	1:5.2.1-2+b2	/usr/share/doc/gawk/copyright
gcc-14-base	14.2.0-19	/usr/share/doc/gcc-14-base/copyright
git	1:2.47.3-0+deb13u1	/usr/share/doc/git/copyright
git-man	1:2.47.3-0+deb13u1	/usr/share/doc/git-man/copyright
grep	3.11-4+b1	/usr/share/doc/grep/copyright
gzip	1.13-1	/usr/share/doc/gzip/copyright
hostname	3.25	/usr/share/doc/hostname/copyright
init-system-helpers	1.69~deb13u1	/usr/share/doc/init-system-helpers/copyright
libacl1	2.3.2-2+b1	/usr/share/doc/libacl1/copyright
libapt-pkg7.0	3.0.3	/usr/share/doc/libapt-pkg7.0/copyright
libattr1	1:2.5.2-3	/usr/share/doc/libattr1/copyright
libaudit-common	1:4.0.2-2	/usr/share/doc/libaudit-common/copyright
libaudit1	1:4.0.2-2+b2	/usr/share/doc/libaudit1/copyright
libblkid1	2.41.5-0+deb13u1	/usr/share/doc/libblkid1/copyright
libbrotli1	1.1.0-2+b7	/usr/share/doc/libbrotli1/copyright
libbsd0	0.12.2-2	/usr/share/doc/libbsd0/copyright
libbz2-1.0	1.0.8-6	/usr/share/doc/libbz2-1.0/copyright
libc-bin	2.41-12+deb13u3	/usr/share/doc/libc-bin/copyright
libc6	2.41-12+deb13u3	/usr/share/doc/libc6/copyright
libcap-ng0	0.8.5-4+b1	/usr/share/doc/libcap-ng0/copyright
libcap2	1:2.75-10+deb13u1+b1	/usr/share/doc/libcap2/copyright
libcom-err2	1.47.2-3+b11	/usr/share/doc/libcom-err2/copyright
libcrypt1	1:4.4.38-1	/usr/share/doc/libcrypt1/copyright
libcurl3t64-gnutls	8.14.1-2+deb13u4	/usr/share/doc/libcurl3t64-gnutls/copyright
libcurl4t64	8.14.1-2+deb13u4	/usr/share/doc/libcurl4t64/copyright
libdb5.3t64	5.3.28+dfsg2-9	/usr/share/doc/libdb5.3t64/copyright
libdebconfclient0	0.280	/usr/share/doc/libdebconfclient0/copyright
liberror-perl	0.17030-1	/usr/share/doc/liberror-perl/copyright
libexpat1	2.7.1-2	/usr/share/doc/libexpat1/copyright
libffi8	3.4.8-2	/usr/share/doc/libffi8/copyright
libgcc-s1	14.2.0-19	/usr/share/doc/libgcc-s1/copyright
libgdbm-compat4t64	1.24-2	/usr/share/doc/libgdbm-compat4t64/copyright
libgdbm6t64	1.24-2	/usr/share/doc/libgdbm6t64/copyright
libgmp10	2:6.3.0+dfsg-3	/usr/share/doc/libgmp10/copyright
libgnutls30t64	3.8.9-3+deb13u4	/usr/share/doc/libgnutls30t64/copyright
libgssapi-krb5-2	1.21.3-5+deb13u1	/usr/share/doc/libgssapi-krb5-2/copyright
libhogweed6t64	3.10.1-1	/usr/share/doc/libhogweed6t64/copyright
libidn2-0	2.3.8-2	/usr/share/doc/libidn2-0/copyright
libk5crypto3	1.21.3-5+deb13u1	/usr/share/doc/libk5crypto3/copyright
libkeyutils1	1.6.3-6	/usr/share/doc/libkeyutils1/copyright
libkrb5-3	1.21.3-5+deb13u1	/usr/share/doc/libkrb5-3/copyright
libkrb5support0	1.21.3-5+deb13u1	/usr/share/doc/libkrb5support0/copyright
liblastlog2-2	2.41.5-0+deb13u1	/usr/share/doc/liblastlog2-2/copyright
libldap2	2.6.10+dfsg-1	/usr/share/doc/libldap2/copyright
liblz4-1	1.10.0-4	/usr/share/doc/liblz4-1/copyright
liblzma5	5.8.1-1+deb13u1	/usr/share/doc/liblzma5/copyright
libmd0	1.1.0-2+b1	/usr/share/doc/libmd0/copyright
libmount1	2.41.5-0+deb13u1	/usr/share/doc/libmount1/copyright
libmpfr6	4.2.2-1	/usr/share/doc/libmpfr6/copyright
libncursesw6	6.5+20250216-2	/usr/share/doc/libncursesw6/copyright
libnettle8t64	3.10.1-1	/usr/share/doc/libnettle8t64/copyright
libnghttp2-14	1.64.0-1.1+deb13u1	/usr/share/doc/libnghttp2-14/copyright
libnghttp3-9	1.8.0-1	/usr/share/doc/libnghttp3-9/copyright
libngtcp2-16	1.11.0-1+deb13u1	/usr/share/doc/libngtcp2-16/copyright
libngtcp2-crypto-gnutls8	1.11.0-1+deb13u1	/usr/share/doc/libngtcp2-crypto-gnutls8/copyright
libp11-kit0	0.25.5-3	/usr/share/doc/libp11-kit0/copyright
libpam-modules	1.7.0-5	/usr/share/doc/libpam-modules/copyright
libpam-modules-bin	1.7.0-5	/usr/share/doc/libpam-modules-bin/copyright
libpam-runtime	1.7.0-5	/usr/share/doc/libpam-runtime/copyright
libpam0g	1.7.0-5	/usr/share/doc/libpam0g/copyright
libpcre2-8-0	10.46-1~deb13u1	/usr/share/doc/libpcre2-8-0/copyright
libperl5.40	5.40.1-6	/usr/share/doc/libperl5.40/copyright
libpsl5t64	0.21.2-1.1+b1	/usr/share/doc/libpsl5t64/copyright
libpython3-stdlib	3.13.5-1	/usr/share/doc/libpython3-stdlib/copyright
libpython3.13-minimal	3.13.5-2+deb13u3	/usr/share/doc/libpython3.13-minimal/copyright
libpython3.13-stdlib	3.13.5-2+deb13u3	/usr/share/doc/libpython3.13-stdlib/copyright
libreadline8t64	8.2-6	/usr/share/doc/libreadline8t64/copyright
librtmp1	2.4+20151223.gitfa8646d.1-2+b5	/usr/share/doc/librtmp1/copyright
libsasl2-2	2.1.28+dfsg1-9	/usr/share/doc/libsasl2-2/copyright
libsasl2-modules-db	2.1.28+dfsg1-9	/usr/share/doc/libsasl2-modules-db/copyright
libseccomp2	2.6.0-2	/usr/share/doc/libseccomp2/copyright
libselinux1	3.8.1-1	/usr/share/doc/libselinux1/copyright
libsemanage-common	3.8.1-1	/usr/share/doc/libsemanage-common/copyright
libsemanage2	3.8.1-1	/usr/share/doc/libsemanage2/copyright
libsepol2	3.8.1-1	/usr/share/doc/libsepol2/copyright
libsigsegv2	2.14-1+b2	/usr/share/doc/libsigsegv2/copyright
libsmartcols1	2.41.5-0+deb13u1	/usr/share/doc/libsmartcols1/copyright
libsqlite3-0	3.46.1-7+deb13u1	/usr/share/doc/libsqlite3-0/copyright
libssh2-1t64	1.11.1-1+deb13u1	/usr/share/doc/libssh2-1t64/copyright
libssl3t64	3.5.6-1~deb13u2	/usr/share/doc/libssl3t64/copyright
libstdc++6	14.2.0-19	/usr/share/doc/libstdc++6/copyright
libsystemd0	257.13-1~deb13u1	/usr/share/doc/libsystemd0/copyright
libtasn1-6	4.20.0-2+deb13u1	/usr/share/doc/libtasn1-6/copyright
libtinfo6	6.5+20250216-2	/usr/share/doc/libtinfo6/copyright
libudev1	257.13-1~deb13u1	/usr/share/doc/libudev1/copyright
libunistring5	1.3-2	/usr/share/doc/libunistring5/copyright
libuuid1	2.41.5-0+deb13u1	/usr/share/doc/libuuid1/copyright
libxxhash0	0.8.3-2	/usr/share/doc/libxxhash0/copyright
libzstd1	1.5.7+dfsg-1	/usr/share/doc/libzstd1/copyright
login	1:4.16.0-2+really2.41.5-0+deb13u1	/usr/share/doc/login/copyright
login.defs	1:4.17.4-2	/usr/share/doc/login.defs/copyright
mawk	1.3.4.20250131-1	/usr/share/doc/mawk/copyright
media-types	13.0.0	/usr/share/doc/media-types/copyright
mount	2.41.5-0+deb13u1	/usr/share/doc/mount/copyright
ncurses-base	6.5+20250216-2	/usr/share/doc/ncurses-base/copyright
ncurses-bin	6.5+20250216-2	/usr/share/doc/ncurses-bin/copyright
netbase	6.5	/usr/share/doc/netbase/copyright
openssl	3.5.6-1~deb13u2	/usr/share/doc/openssl/copyright
openssl-provider-legacy	3.5.6-1~deb13u2	/usr/share/doc/openssl-provider-legacy/copyright
passwd	1:4.17.4-2	/usr/share/doc/passwd/copyright
perl	5.40.1-6	/usr/share/doc/perl/copyright
perl-base	5.40.1-6	/usr/share/doc/perl-base/copyright
perl-modules-5.40	5.40.1-6	/usr/share/doc/perl-modules-5.40/copyright
python3	3.13.5-1	/usr/share/doc/python3/copyright
python3-minimal	3.13.5-1	/usr/share/doc/python3-minimal/copyright
python3-packaging	25.0-1	/usr/share/doc/python3-packaging/copyright
python3-pip	25.1.1+dfsg-1	/usr/share/doc/python3-pip/copyright
python3-pip-whl	25.1.1+dfsg-1	/usr/share/doc/python3-pip-whl/copyright
python3-setuptools-whl	78.1.1-0.1	/usr/share/doc/python3-setuptools-whl/copyright
python3-venv	3.13.5-1	/usr/share/doc/python3-venv/copyright
python3-wheel	0.46.1-2	/usr/share/doc/python3-wheel/copyright
python3.13	3.13.5-2+deb13u3	/usr/share/doc/python3.13/copyright
python3.13-minimal	3.13.5-2+deb13u3	/usr/share/doc/python3.13-minimal/copyright
python3.13-venv	3.13.5-2+deb13u3	/usr/share/doc/python3.13-venv/copyright
readline-common	8.2-6	/usr/share/doc/readline-common/copyright
sed	4.9-2+deb13u1	/usr/share/doc/sed/copyright
sqv	1.3.0-3+b2	/usr/share/doc/sqv/copyright
sysvinit-utils	3.14-4	/usr/share/doc/sysvinit-utils/copyright
tar	1.35+dfsg-3.1	/usr/share/doc/tar/copyright
tzdata	2026b-0+deb13u1	/usr/share/doc/tzdata/copyright
util-linux	2.41.5-0+deb13u1	/usr/share/doc/util-linux/copyright
xz-utils	5.8.1-1+deb13u1	/usr/share/doc/xz-utils/copyright
zlib1g	1:1.3.dfsg+really1.3.1-1+b1	/usr/share/doc/zlib1g/copyright
